{
  "products": [
    {
      "id": 12,
      "name": "Computer",
      "price": "10",
      "quantity": "102",
      "selected": true,
      "available": false
    },
    {
      "name": "TV",
      "price": "10000005",
      "quantity": "3",
      "selected": true,
      "available": true,
      "id": 14
    },
    {
      "name": "samsung",
      "price": "1200",
      "quantity": "4",
      "selected": true,
      "id": 15
    },
    {
      "name": "S20",
      "price": "12",
      "quantity": "3",
      "selected": true,
      "id": 16
    },
    {
      "name": "USER1",
      "price": 0,
      "quantity": 0,
      "selected": true,
      "id": 19
    }
  ]
}